Tweet,Location
"me :*hits my vape and sighs v from relief 
linda: ""is it good ? ""
me : *sarcastically ""it's like crackkkkk""
draydenâ€¦ https://t.co/6giFpaDFkR",Grapevine
Just picked up my new vape from the dispensary https://t.co/y393JqXyLu,Wisconsin
i got coupons in the mail for pall malls today and it made me miss smoking pall mall blues but itâ€™s been almost twoâ€¦ https://t.co/JNWKrIqTkU,Tampa
i quit the vape but i donâ€™t miss it no mo,Gibsonton
@johniadarola I care a lot about the vape pen I'm using.,Vermont
"Thinking about starting a vape shop, any pointers?",Congregation Or VeShalom
Am I the only one whoâ€™s addicted to hitting a mint or ice vape after I brush my teeth?? That shit hits like no other,Denton
CBD 1500 MG DropsğŸ’§Visit https://t.co/dsdGM59rHY to purchase! #cbd #cbdoil  #cbdproducts #hemp #health #wellnessâ€¦ https://t.co/AHBiATIC7A,Scottsdale
CAFFEIN VAPE WHAT,Pomona
@ikerwuff Oh yeah best not to smoke so young. I didn't vape weed until my mid 20s after I finished my service in thâ€¦ https://t.co/LFSdL9MXl9,Riverside
damn how many vape shops does sylva need on ONE strip ??? i swear it aint nothing but vape shops &amp; car washes two mins apart and fast food,Cullowhee
@NurseSheepie @MindyEConway Do I assume correctly that these are folks who vape or smoke marijuana rather than those who eat it?,Alameda
"New vape. Thanks #Avail !! @ Fairfax, Virginia https://t.co/fMaNcLzMC9",Fairfax
Few years ago I had a girl tell me that I couldnâ€™t vape in her car bc she didnâ€™t want it to smell like it. That migâ€¦ https://t.co/tGXWpf6tkH,Martin
"The perfect mid day assist ğŸ”¥ Find our sauce pens at @lodowellness @Ajoyalife and more! â€¢
â€¢ 
â€¢
â€¢
#focusedlabsâ€¦ https://t.co/AKY3VoWwqc",Denver
"Orlando State PresentZ - 
** Shaylene ** ğŸ˜
Follow @xxshaybaexx 
..::
#orlandostate #orlandoflorida #streetstyleâ€¦ https://t.co/aIZxnxj3Fm",Orlando
"@BlackFlagArmy10 Dude you better back off vape some pure CBD, it'll counteract the THC so you can recognize dreamsâ€¦ https://t.co/BoHrBgqhrn",Woods Creek
Went to the vape shop n the dude look just like the white power ranger Jason. The one we allll thought was fine af. He look JUST LIKE OKKK,Chesapeake
My resin vape thing is the best thing ever,Petaluma
@WestersaurusNXT Going in with a fresh 8th a new bottle of vape juice and a carton of cigs and I will smoke all ofâ€¦ https://t.co/asdFm1pPe0,Short Pump
@fireprooflight Did you see the scandal when Jimin accidentally posted a pic of Tae with a vape next to him lol whoops,Upper Arlington
Straight up threw my girls vape out the window today.ğŸ™ƒ smoke in my car again.ğŸ˜‚,Florida
So I love my Vape last night right come to work to find a missing how crazy is that?,Boston
Just posted a photo @ Hazel's Smoke &amp; Vape https://t.co/bxoeKpgzWo,Des Moines
"@Norveilex I only vape when I haven't showered for 2-3 days. Oh, you meant the smoking thing. Right.",Florida City
Stupid vape pen has me staring at the toilet man,South Miami Heights
@AshOrg @exposetobacco @TheGGTC @smokefreegenMN @ACSCANCA @CaliforniaLung @SaludAmerica @truthinitiativeâ€¦ https://t.co/fjN14eOatt,Florida
I left my vape at work but I donâ€™t think ğŸ¤” I left it in my locker ugh ğŸ¤¦ğŸ½â€â™‚ï¸ itâ€™s on the counter in the locker roomâ€¦ https://t.co/RzMqGaasBh,Boston
boy that vape pen. you ainâ€™t inhale shit https://t.co/ckPQ40sbJM,Sunrise Manor
At #Vapelot We are delighted to be running a food drive for #LoudounHungerRelief. I hope you can drop in non perishâ€¦ https://t.co/zkp1TdWQSJ,Tysons Corner
"my mom: â€œyou need a case for your vape so it doesnâ€™t break when you drop it, look on amazonâ€
     uh ok. ğŸ¤£",Temple
Yo they made banana ice vape juice into a real thing https://t.co/x8LcyLn9xk,Wendell
"Gorilla ğŸ¦ Glue #4 distillate dabs for the perfect nightcap ğŸ˜´ â¤ï¸ğŸ”¥ â€¢
â€¢ 
â€¢
â€¢
#focusedlabs #flofocused #findyourfloâ€¦ https://t.co/hcDIFc6tem",Denver
"Tuesday, November 7th 2017 @ King Kong Vape https://t.co/yPkTmYy2Bn",North Castle
Drinking a Merry Christmas &amp; Happy New Year (Our Special Ale) (2020) by @AnchorBrewing @ Lost Clouds Vape Bar â€” https://t.co/A7jzDgUM4h,Dundalk
@Krystina_Death My mom does the vape pens and passes out,Franklin
"shoutout 1 hitters, vape pens &amp; shrooms https://t.co/FnWjEtTUbQ",Los Angeles
"Better late than never....black friday juices just came in, come get em, $10 while they last 
#theyhadonejobâ€¦ https://t.co/eXwNH3wWDO",Burnet
just witnessed @SKY2FLYY throw her vape out the window i feel like a proud mother rn,Ohio
Hanging out with @_minititan all week is making me a vape head,Orlando
I broke my vape pen Iâ€™m salty af,Chicago
Iâ€™m about to get to invest in a wax vape,Chicago
Just posted a photo @ Hazel's Smoke &amp; Vape https://t.co/PfcaYPLq8a,Des Moines
not having a vape just makes me want to eat all dayğŸ¥´,San Antonio
"FACTS : 
13,000,000 Americanâ€™s VAPE. 
VAPING has 10,000 plus small business.  The VAPE industry employs Hundreds ofâ€¦ https://t.co/FEMvx670iM",South Carolina
"Gummies, Christopher Elbow chocolates, sodas, vape pens - all made here at Clovr Cannabis, the first medical marijuâ€¦ https://t.co/oAhcldIV5D",Kansas City
@tyler_saxz @tylerpotatochip that vape went through it all man,Beach View
I hope the vaccine comes in a bong or vape.,Chicago
@RomeoBlazin And buy quality vape juice,Rosaryville
"Got my job all set up for the winter, New steel-toes, heated socks, heated gloves, hand warmers, new headphones, goâ€¦ https://t.co/vriDKG2pkD",Ladue
Woke Bro: â€˜yeah Iâ€™m not takin no vaccine that I donâ€™t know whatâ€™s in it. Who knows what it could do to your body yaâ€¦ https://t.co/fdji5MG1UM,Los Angeles
@fuckinpushpush Wait is that a vape? It looks like one of those chunky wooden crayons toddlers are given,Los Angeles
"The â€œVaping Diseaseâ€ was actually shitty black market THC carts with vitamin E. 
So our overlords decide to ban flaâ€¦ https://t.co/W19eFDazf6",Teterboro
hi im nick pappagiorgio and this is the stop losing your vape pen in between your blankets challenge,Lakewood
youâ€™re like my personal brand of bubblegum vape https://t.co/AcDnkhag4n,Seattle
being this sick has made me not even want to look at no type of food no alcohol no vape... all i can drink is sprite and gatorade ğŸ¥º,Queens
When you loose your fucking vape in the house,West Freehold
In like 15 years some kid is going to find out they were conceived at a vape convention.,Plymouth
@harry_swisher @h8stephenA Oh no a video of vape 6+ years ago cause thatâ€™s the same as addictive pain killers. Letâ€™â€¦ https://t.co/P2NhxmTQJR,Oklahoma City
I like making big clouds with my vape :),Dallas
"Also in todayâ€™s news, Iâ€™ve placed my vape somewhere and I havenâ€™t seen it for like an hour, yike.",Fort Collins
I 100 percent think the words I say to myself are â€œwhere the fuck is my vapeâ€ or something along those words. Like itâ€™s constant,Baltimore
Pineapple Express   Vape  and  leaf   #420   #mc #beats  #thewreckers  #philly  #philadelphia  #realrap @ Red Orcheâ€¦ https://t.co/8JgX6DzPCa,Philadelphia
How to Make Organic THC Vape Cartridges Easy Step by Step Guide https://t.co/GRi6B5k0wR via @YouTube,Arden Hills
i wonder if people in future will ever have to ash a cigarette or will we vape ourselves into extinction,Queens
what vape should i get? time to upgrade i guess,Henderson
"On the first day of chrimuh my true love gave to me ONE RILLO TREE, 
Two plugs waiting 
Three vape pens 
Four stripâ€¦ https://t.co/nKMcGpqQgn",Louisville
@nicekicks Vape Force One,Portland
Iâ€™m just finna start ordering my vape juice online. This shit is ghetto,Tuskegee
"Whose your plug,Hope he spice your day as I do ğŸ˜ğŸ¤ğŸ¼.Follow link to shop.
#CBD #cbdproducts #cbdshop #runtz #vapeâ€¦ https://t.co/0tfwS4YhnV",United States
"New package received ğŸ‘€ 
Bring some West Coast flavor to the Dirty South?? 
.
.
.
.
#vape #delta8 #d8 #fueledbythcâ€¦ https://t.co/QbGVQuiF3g",Murfreesboro
What if we kissed after hitting the four loko vape? ğŸ™ˆ https://t.co/Jsbr8r9X5X,Brooklyn
"to the people on my social feeds refusing to take the vaccine.. but pop pills, vape and/or snort lines every weekend..
Please explain.",Wood Dale
"Nope. Not here either...
I even used my vape in the building, and that's an even BIGGER no-no! ğŸ˜® https://t.co/OVbdAq4zj8",Missouri
Since when they stop letting people vape on the plane. Bs.,Colorado
Also plz don't bring in your vape and use it before eating my pussy. I am honestly not into that and prefer the freâ€¦ https://t.co/fgnpU0QV6I,Oregon
If you vape PLEASE do not complain that you donâ€™t know whatâ€™s in the vaccine ğŸ˜’,Orlando
Vapeâ€™s Steady Rise during pandemic https://t.co/cBuHOR5Fxq,Buffalo
@z3msky Our gold calf is the disposable vape,Dallas
"@caithuls They will, if they donâ€™t vape but clever suggestion",Phoenix
"Can someone plz put my beard ok him, change cigarette to vape pen https://t.co/PUi5D3o5cz",Brooklyn
"If you must, get a vape cigarette. Cheaper, harm-reduction (compared to cigs). About half of what they treat the toâ€¦ https://t.co/tHu8e9LVQy",Oakland
@MistressVice @nixw20 Thanks so much! As it is I only smoke or vape and hate both. Iâ€™m excited to try.,Redford
"Hell nah, ppl really be nasty and dirty as fuck! This commercial showed this white girl dropped her vape in a publiâ€¦ https://t.co/ULozleSSGE",Paradise
"Looking for #Christmas #gifts ? Stop by at the #Vapelotsmokeshop 
#Specials #Hyde #Mrfogpro #Puffbar #Hydeplusâ€¦ https://t.co/aB1cG7z49Q",Tysons Corner
@DocAtCDI A Vape-pire.,La Presa
I completely forgot that Iâ€™m using a charger that isnâ€™t mine to charge a Vape that isnâ€™t mine,Los Angeles
@alisonpalk @Sarah_Mojarad @SwitchFinder Over 6 million americans have already quit w vaping. Its now both the mostâ€¦ https://t.co/k8XpHjBTq7,Hancock
Anyone know any cool new vape tricks?,San Diego
pov of your vape on your desk after a ravenous night of drinking https://t.co/M5PpnNPMqP,San Marcos
something very degrading about the whole â€œtear the couch apart looking for your vapeâ€ thing.,Minnesota
"Just bought 6 bottles of vape juice for 2 reasons. 
Mainly because of this fuckin flavored tobacco ban going into aâ€¦ https://t.co/yMRPZZi4CB",North Highlands
Release the vaccine as a vape pen and I can guarantee no oneâ€™ll ask whatâ€™s in it.,Miami
"Why Iâ€™m bearish on food delivery apps. Nothing like hot boxing your pizza with vape smoke en route, eh? https://t.co/PTdnfXMoBd",Denver
Almost sent a picture of my cigarette and vape to my family groupchat... this couldâ€™ve been me https://t.co/hEYLSJ9GJO,Fort Hood
"@michellespj @flghtlss1 Most vape pens look like a USB. 

Also, watch the video again and ask yourself if you honesâ€¦ https://t.co/DnsvtEsCAB",Parkland
i just want my vape lmao,Paradise
This AM tried something I recently discovered...using AVB (already vaped bud) that has accumulated from my use of aâ€¦ https://t.co/5wk79Z49UU,Grand Rapids
"Full ceramic disposables are clean, rechargeable and a perfect platform for vape brands everywhere! https://t.co/fL8E8AhCXu",Seattle
"Bubblegum FLO sauce for the Sunday wake and bake ğŸŒâ¤ï¸ğŸ”¥ â€¢
â€¢ 
â€¢
â€¢
#focusedlabs #flofocused #findyourflo #cannamistâ€¦ https://t.co/FUjcXH21ZK",Denver
"Put the nicotine vape down about a month ago. If ya know me, I went to sleep and woke up hitting that mf nonstop foâ€¦ https://t.co/sFhcugCtKJ",San Diego
I need to stop cuddling my vape while I sleep I keep losing it,Moline
@heyjustme I am in my state's medical marijuana plan. I used to smoke but my husband hates the smell. Now I use a vâ€¦ https://t.co/MWeXS3ea58,Ocean Grove
You put gorilla glue on my mighty vape? dude...,Pennsylvania
So now they're saying you can't vape nicotine in your own home?? But you can damn sure get high af &amp; clean needlesâ€¦ https://t.co/1FhmiYFNoo,Georgia
"Cigarettes are better for you than vapes. Because it is not socially acceptable to smoke cigarettes in many places,â€¦ https://t.co/qm6M9j9tC3",South Carolina
Who can bring me a vape since I gotta sit on the computer all day ğŸ™ƒ,Johnstown
Times like now I wish I did have some cartridges for my vape pen ğŸ˜ª,Coral Hills
I donâ€™t smoke or vape it. RSO capsules are what I prefer. And they work. â˜®ï¸ https://t.co/3Evp5Bh1kU,Hagerstown
@heyjustme I vape instead.,Concord
"Every mob movie Marty has ever done but theyâ€™re all (Ginger, Jimmy, Carrie Buffalino) smoking watermelon-cherry vape.",Los Angeles
not me saying â€œdo you have my vapeâ€ like a typical voice dub lmfao https://t.co/wcOTCXUaEp,Cumberland
The amount of vape juice I go through is ridiculous #ineverstop,Mount Juliet
Blowing Oâ€™s on the vape during You Making My Dreams Come True during the â€œOOOH OOOH OOH OOHâ€ portion of the song,Houston
Do u think in 20 years parents will be telling their kids â€œyour father and I actually didnâ€™t know we were meant forâ€¦ https://t.co/3r6A2HaLSC,Los Angeles
"Ate a buncha CBD and vape hits, promptly forgot I was doing this...
@OhioStateFB Q4 Tape Delay",Weehawken
Got a big whiff of vape juice and suddenly Iâ€™ve been transported back to irma,Brooklyn
"Give itâ€™s exact strain nameğŸ‘ŒğŸ¼,For a possible Giveaway zip or vapeğŸ‘ˆğŸ¼ğŸ‘ˆğŸ¼.
#CBD #cbdlife #cbdshop #runtz #weedâ€¦ https://t.co/EHycSgL8jJ",United States
Being in orchestra for 5 years has ruined me! Why do I hold my tooth brush like a bow? Or a my vape?! Wtf is that ğŸ˜‚â€¦ https://t.co/42Zk7C6wFw,Reno
@MaryAng82626848 The ports are locked and in accessible and it could've been a vape or something and they were goinâ€¦ https://t.co/oli8BrFBMt,Washington
Get 20% OFF of all vape cartridges today at #KindFarma https://t.co/LbGeSt9Jqw,Kind Farma
My best friend's are weed and my vape and my monster https://t.co/R11OpXn1h4,Roselle
"WTF I donâ€™t vape but NLG this ad makes me want to. Beast mode!

The Facts About Vapes Are Scary Enough | The Real Câ€¦ https://t.co/XZkeGA68uK",New York
@larryelder Looks like she grabbed a vape to me.,Ketchum
@SweetlySmiles @gunn_nell @LionKingIRoar @JunkieGun @Cobra21Queen @TorontoBlonde @KeepitSocal @FirecrackerKattâ€¦ https://t.co/5AsyRpzyJT,McAllen
I think imma get a vape pen today ğŸ‘€,Georgia
Lol some guy tonight â€œthis vape juice reminds me of herâ€,Oshkosh
@_skittlepussy_ I hope you like vape juice lmaooo,Reno
Can COVID be transmitted through fatty vape clerds???,San Diego
Iâ€™m feigning for my vape. Gonna be a long weekend without it ğŸ¥º,Long Beach
"#Specials specials and more specials at #Vapelotsmokeshop. Donâ€™t miss out.
#Specials #Hyde #Mrfogpro #Puffbarâ€¦ https://t.co/JKAm5bx4Nn",Tysons Corner
Legit starting to think about maybe trying out a vape pen for anxiety. Yes I'm doing the research,Minnesota
@diablaguera just found out iâ€™m obsessed with an omnipotent vape cloud.. donâ€™t text,Stephenville
the dumbass is on clematis street w his boy and walked up to some random woman named jackie and asked her what flavâ€¦ https://t.co/JhFykoMyvO,Manhattan
When her vape is in her mouth more than you are,San Jose
lil void is not a man. he is an omnipotent vape cloud hanging in the air of a dirty high school bathroom that someoâ€¦ https://t.co/1NT01zEmHQ,Fort Worth
@sharty_b @kkenz98 the cough is from my vape sorry,Eugene
Just posted a photo @ Generation V E-Cigarettes &amp; Vape Bar Central Lincoln https://t.co/qNPrScCcv1,Lincoln
The Return Vegas Vape https://t.co/YwDBje12Ps,Shenandoah
Why not create a vape with albuterol and ventolin juice as medicine for people with asthma?,Hampton
"Fried chicken, Chinese food, beer, thc vape... https://t.co/vlOybj5zZ0",Atlanta
@Xbox ik we canâ€™t vape but can I smoke backwoods by my Xbox ??,Lincolnton
@timheidecker @greggturkington Lesgally... hmmm Tim might be hitting that â€œvapeâ€ pen again.,Solana Beach
ğŸ¥ºğŸ¥º anyone near downtown that can help me fill up my fetch vape device? Idk how to do the coil shit lol,Honolulu
i let the girl at the vape shop pick my puff bar flavors &amp; she picked horribly ğŸ¤®,Rowlett
Sugarplum macchiato tastes exactly like very berry vape juice,Tucson
@gomer2323 I dont smoke i vape. I also grow and our son knows the deal. â€œIs not for kidsâ€ simple as that.,Palmer
"Still don't have gas money, guess it's time to vape and dance off pants off ğŸ¤£ğŸ¤£ğŸ¤£",Sierra Fountain
fingers crossed the Google Street View Car just snapped me hitting the #vape on Rowena Ave/Auburn St,Los Angeles
Quarantine sucks when youâ€™re actually fucking sick. I canâ€™t even go get myself a soda or a vape,Michigan
@kevin_scotton @itsjoshboone Does the car vape?,Virginia
Back in stock!!!! @VapeSpaceMD Hannya 230W &amp; 80W Box Mod are back!!!! Come by and say hello! Have a great Friday Vaâ€¦ https://t.co/3I5WBvOfTa,South Laurel
i think austins dog ate my vape,Georgia
"Sometimes a picture is worth a thousand words &gt; https://t.co/qkoDEB7VKb

My thanks to @mytoqi for the best mobile vâ€¦ https://t.co/QnXqVu6eWr",Malibu
@laura_digi Exactly! Saves me the effort of hiding a vape pen in an empty fountain drink cup (which Iâ€™ve done lol),Los Angeles
"so iâ€™m out of my fav vape juice and have not ordered more so i think ima stop vaping. 
prayers pls",Columbus
@ninatxo One time at Nautika I dropped my vape into a big ass container of pomodoro lmfao,Warwick
"Nothing worse than losing your vape, thinking you found your vape, just to find out itâ€™s an old dead vape",Texas
I heard a rumor that Zoomers wonâ€™t take the vaccine unless itâ€™s in vape form,Kansas
"After just one vape, kids. https://t.co/O9khJqJ2Rd",Raleigh
@H_Combs @because @BarackObama @MichelleObama @mayaharris_ @Alyssa_Milano @MayaRudolph @KamalaHarris @DouglasEmhoffâ€¦ https://t.co/7HEMPiEuYq,Sacramento
now I have to #redownload #apps I had in #July thereâ€™s a reason I deleted #weed off my phoneğŸ“²but not a #vape so eitâ€¦ https://t.co/aI04PatoiZ,Sacramento
Iâ€™ll imaginary toast 2 that ğŸ·&amp; #vape ğŸ’¨ a #cigar ğŸš¬ on the porch or the lawn or the grass of #OURHOUSE ğŸ¤¦â€â™‚ï¸â€¦ https://t.co/3zQsfKxmjI,Sacramento
Gonna drink too much and vape DMT tonight,Colorado
this is why I #vape but like #edibles people especially during a #July #Quarantine that lasts #4years for 4 horsemeâ€¦ https://t.co/vwztbMpfJ2,Sacramento
Welp. Making another attempt at quitting cigs. Bought this expensive ass vape. I mean I think $80 is a lot for a vaâ€¦ https://t.co/07y4xO79YI,Richmond
Almost a woodsy or barrel aged flavor.   Really smooth with a cherry aftertaste. - Drinking a Vape Tricks byâ€¦ https://t.co/HTvk0eJPjj,Atlanta
A vape in the hand is worth 2 in the Busch,Ellsworth Air Force Base
I just flushed my brand new vape down the toilet anyone wanna kill me,Redding
"my dad            my vape 
                       
                ğŸ¤ 
 I have not seen in awhile",Maine
@BarackObama @ReverendWarnock @ossoff @staceyabrams @NikemaWilliams Hehe ğŸ˜‰ @ChrisEvans @H_Combs sorry I brought theâ€¦ https://t.co/kk6MqR7G1E,Sacramento
i personally think that nicotine is really good for you especially via vape pen,San Diego
DAMN i just hit my vape too hard. ow iâ€™m re pass OUTğŸ˜¤,Louisville
PSA ğŸ—£ Delta8 THC will make you fail a drug test! Drug Test usually test for THC metabolites,Arlington
Cookies â€˜N Cream Vape CBD pod  made from organic CBD oil. Each pack contains 4 pods. This pod is fully compatible wâ€¦ https://t.co/eHhs3BokTB,Philadelphia
why would they make USB drives look like vape pens?,El Centro
not me having two vape pens and two packs of cookie dough delivered to my apartment. https://t.co/NDrmufFBk2,Kansas City
@rogersversx @ChrisEvans @DrBiden @DHSgov @FBIMostWanted @KamalaHarris @BarackObama @Alyssa_Milano @ReeseWâ€¦ https://t.co/3ItRUKGndj,Sacramento
"smoking and im sure someone whos friends with my mom just saw me, cant wait to say its an essential oil vape! ğŸ˜",Loch Lomond
@rogersversx @ChrisEvans @DrBiden @DHSgov @FBIMostWanted @KamalaHarris Um 2 truths no lie I canâ€™t even #vape withouâ€¦ https://t.co/b1EXlPbtH7,Sacramento
I wish I could vape my antidepressant,Greensboro
"Sauce Vape ğŸ’¨ for the wake and bake and the perfect start to any morning â˜€ï¸â€¢
â€¢ 
â€¢
â€¢
#focusedlabs #flofocusedâ€¦ https://t.co/oOChsWF1QH",Red Rocks Park & Amphitheatre
@StephenAtHome HOLLY FUCK #FUCKADUCK DUDE I CANT GO 2 seconds without TRYING TO #VAPE NOT HEAR A #FORTNIGHT REFERENâ€¦ https://t.co/Z7hVls59wT,Sacramento
Ok now Iâ€™ll #vape ğŸ’¨ before eating ğŸ½ ğŸ¤£ forgot 2 yesterday? #24hrsago? #48hoursago? #doctorsnote? @DrBidenâ€¦ https://t.co/AoZwksqXzD,Sacramento
"Yeah after yesterday, Iâ€™m never touching a vape again",Chicago
"Can confirm that many times people have no clue what they are vaping. I am certainly not advocating for cigarettes,â€¦ https://t.co/2NyBPmofuS",Tampa
This vape is ğŸ‘ŒğŸ½,Oxon Hill
This the best portable vape I've ever hit. I love this thing so much. https://t.co/av12pSMHA8,Oxon Hill
"i donâ€™t care whose inhaler it is tyler, youâ€™re too young to vape mkay",Cody
tell me not to drive to norman rn for a vape,Edmond
@gettagrippe97 can i plz hit your vape iâ€™m dying,North Carolina
Iâ€™m here singing all the songs but I also just choked on my vape and traumatized my cat,Dallas
"@hahnscratch Yeah, my vape became a damn pacifier. I had to chill.",Manhattan
"If anybody on here does Robinhood penny stocks go buy $SNDL (production and distribution of cannabis, pre rolls andâ€¦ https://t.co/dVi8y8ynGR",Houston
"#Mrfog new flavors are available at #Vapelotsmokeshop. Donâ€™t miss out.
#Specials #Hyde #Mrfogpro #Puffbar #Hydeplusâ€¦ https://t.co/LSlH00ONcS",Tysons Corner
my vape just died.....rip,North Carolina
In a parking lot with a disposable vape jusr feeling myvfeelings thats what I want,North Carolina
@Mean_Mia Like a good high or that vape nonsense high,Pell City
"removing the engine from a car has to be one of the most daunting tasks you can do, but luckily for my friends andâ€¦ https://t.co/mjCP9yei8o",Georgia
You ever just chain vape for like what seems to only be like 10 minutes but really Iâ€™ve been doing it for like an hâ€¦ https://t.co/ZAX3kSWV39,Stockton
Finally cleaned my room and found my vape that I havenâ€™t used in months. My bf told me he didnâ€™t like when I used iâ€¦ https://t.co/ZVpBTnKfy8,Pomona
"ğŸ’‹ Get into the icy vibe this winter season with the refreshingly fruity flavors of the Hustler Kiss. ğŸ’‹
* For adultsâ€¦ https://t.co/jSajaQPeme",Las Vegas
Who wants 2 drive me to a gas station 4 a vape right now,North Carolina
Vaporlax Sirius 2200 puff disposables are now in stock for $20 and the 1500 puff disposables for $15 at Vaporwave vâ€¦ https://t.co/edy5ZFt2fw,Arizona
if ilse doesnâ€™t hurry and bring me a vape to work Iâ€™m going to âœ¨dieâœ¨,Gun Barrel City
I got a piece of weed stuck in my vape. It tastes like an edible,Los Angeles
@DreadWopo i just walked to the vape shop and saw dude wearing cargo shorts and a nike tee. i said oh nah heâ€™s definitely a sociopath,Atlanta
"@derpathesherpa Nicotine is my last vice besides weed, I dont really plan on quitting weed though. But as lame as tâ€¦ https://t.co/Gos2VUdZVH",Madison
"The Hyde 1500 puff with adjustable air flow is back in stock at Vaporwave in Peoria az for only $15. Aloe Grape, Châ€¦ https://t.co/e6jpoIJdFQ",Arizona
@spursmama21 No a lil vape,Leon Valley
"CBD vape carts now available in half and full grams ğŸ¤© Tucson, Az #cbd #vape #vapecartridge #vapecarts #labtestedâ€¦ https://t.co/IWvt2Sdy6p",Tucson
Donâ€™t trust no bitch who vape,North Carolina
CBD 1500 MG DropsğŸ’§Visit https://t.co/dsdGM59rHY to order! #cbd #cbdoil  #cbdproducts #hemp #health #wellnessâ€¦ https://t.co/5CEurGBw1E,Scottsdale
"We have the Puffco Peak Pro. Get yours!

#mckinneytx #mckinneytexas #smoke #kush #420 #weshouldsmoke #dabs #smokerâ€¦ https://t.co/yRku95NKtK",KLOWDZ Vapor & Smokeshop
*coughing my lungs out* oh shit my vape is almost out need to go get a new one,Fort Worth
Delta8 Products available!! https://t.co/DftACax1ir,Arlington
hitting the vape flavor i had when i ODâ€™d &amp; died during quarantine LOL makes me feel alive n triggered simultaneously,Amherst
i accidentally spilled vape juice on my cut it all happened so fast am i gonna die,San Diego
"@EHolubowich But then again â€” see also, pink breast cancer awareness vape pens and lighters.",Burke
"My vape pen ran out, ugh! #Mmemberville
#WeAreGDC
#StonerFam #IAmCannabis https://t.co/eUSJ2qwFeN",Trenton
Iâ€™m outta vape juiceğŸ¤¯,Whitemarsh Island
"@GwinnettDaily Just what Gwinnett needs, more apartments...  @GwinnettBOC has ruined this county with all the apartâ€¦ https://t.co/SlXuXCRzzA",Georgia
"Mint Waferz 3.5g packs,Along with its vape oil Extract,of 1.g Hybrid oil.Tap in
Sc:williamsd218
Wickr:graymax 
Textâ€¦ https://t.co/0Raz6sEwnn",United States
"If you have a juul or other kind of vape or whatever, did you smoke cigarettes before",Lubbock
@bradyszuhaj i smoke hemp flower (either that or vape cbd) and it has been incredibly helpful for my anxiety. i canâ€¦ https://t.co/kSUD9BxqsA,Corvallis
"New arrival:
#Fillmypod #Saltnicis available at #Vapelotsmokeshop. Donâ€™t miss out.
#Specials #Hyde #Mrfogproâ€¦ https://t.co/9Ub36Bx2M0",Tysons Corner
@samlynrod Its illegal here /: homies staying the night gotta park in front of the vape store,Dallas
@Amy_Siskind Masks donâ€™t change anything. Hit a vape then exhale through your homemade mask. Then tell me how itâ€™sâ€¦ https://t.co/71xSoorwW2,Sandy Springs
@johnlegend @baileyraemusic Holla to all the vape lovers best flavors available #vapemasterzstore fast shipping fulâ€¦ https://t.co/IKWhIXpms4,California
@rylieefaulkner coming clutch with the vape,Louisiana
oh to vape right now,San Jose
@tonygana12 with his vape. https://t.co/8hicFUmohq,Montebello
Finals week literally consists of: 50% caffeine consumption and 50% my vape pen,Portland
@YaknowTeej  397 steps bruh I need a vape too ğŸ˜©ğŸ˜©ğŸ˜© https://t.co/u5mXj9q2ja,Dunbar
"Vape juice has the most insane names 
Theyâ€™re like here is this product that you will be addicted to for the rest oâ€¦ https://t.co/zIzY9UgZnj",Laramie
I want a vape so badly,Georgia
Havenâ€™t hit my vape in 24 hours and I am ready to bite someoneâ€™s head off thatâ€™s for sure.,Kalamazoo
"Just locked in suchhhhh a fire ğŸ vape partnership. Stoked for this one - California heads, stay locked for a giveawâ€¦ https://t.co/Ih9C7TX9Vb",San Clemente
"Someone bring me soup, meds, Kleenex, and a vape plzzzğŸ™ğŸ¼",Fort Worth
Donâ€™t have a vape and man I could use one ğŸ˜©,Michigan
"i love when my coworkers individually find out that i vape

â€œwhy you going outside?â€ 

to destroy my lungs bitch hello",Liberty
100% chance this dude blows fat clouds with a vape as big as a cell phone https://t.co/eM7ax8AZi3,Arkansas
@TrishaThadani But can you vape?,San Francisco
Instead Of The Breeze I Like Vape Souls They Similar But Bigger ğŸ’¨,Detroit
Remember when Bryce Hall physically assaulted a waiter at a restaurant because he said Bryce couldnâ€™t vape and he gâ€¦ https://t.co/Mpu1qWPMOu,Manhattan
"Accent your life and style with a Hustler Kiss and turn any moment into a flavorful one. ğŸ’‹
* For adults 21+
WARNINGâ€¦ https://t.co/R7OuSVCDVB",Las Vegas
i sleep cuddled up with my vape and my cat and thatâ€™s all i need sometimes,Knoxville
"Absolutely @davesouthorn or @aarjuarez, the true trivia kings and leaders of my former trivia team, Christian Dadsâ€¦ https://t.co/Nff4KKfxvn",Laramie
What if we kissed..after hitting the bang vape? ğŸ¥ºğŸ™ˆ https://t.co/dZaxKYdCux,Manhattan
Honey is everything ok? Youâ€™ve barely hit your bang vape. https://t.co/aLu8IsIbFS,Manhattan
I hate when mfs act like I can taste the flavor of the vape before I exhale bitch gimme a minute I burned my taste buds off in 2016,Iowa City
@OffsetYRN Holla to all the vape lovers best flavors available #vapemasterzstore fast shipping full reviews and morâ€¦ https://t.co/YhMRUvL5nd,California
The amount of times I go to the br just to vape cause work is stressful LOL,Kapolei
@141crhc2020 @captain_taverne @Xbox Yes it's fake just some idiot who blew vape into the systems fans.,Nevada
CBD 1500 MG DropsğŸ’§Visit https://t.co/dsdGM59rHY to purchase! #cbd #cbdoil  #cbdproducts #hemp #health #wellnessâ€¦ https://t.co/ZLlULxKkco,Scottsdale
"On sale. Delta 8 vape carts $35 https://t.co/3iK4q6iy0f #hemp #cbd #smoke #cloud9 
#smallbusiness #smallbuzinessâ€¦ https://t.co/yXx6IQmBat",San Juan
My new vape top i got. Its called Zeus so cooL ğŸ˜ ğŸ˜ ğŸ‘Œ https://t.co/ZUAPYAsbrm,Henderson
if yâ€™all see me hitting a vape or any form of a wax pen please kick my ass. this epiglottis and bronchitis fuckingâ€¦ https://t.co/L0UUbdrD9y,Fresno
"I ordered a mighty vape and seeds for my grow in my basement for Black Friday, and I got these comfy ass chairs halâ€¦ https://t.co/xBT1f8YESU",Orion
@Denver_dan I bet these would be super comfy to wear around the house while I vape,Denver
bragging about how much you vape in a day is literally so far from a flex itâ€™s hilarious,Carmichael
#gypsymoonvapin #vape #life #smoke Enjoying a smooth day at the shop https://t.co/2GiyLYcpiu,Pembroke Pines